﻿Titulo;Descricao;Imagem;Pitch;Yaw;Pano_Destino_ID;poligono_json;Tipo_Poligono_CSS
Blocos didáticos;Composto por sala de aula, vestiários e laboratório que oferecem suporte essencial às atividades práticas e teóricas desenvolvidas no local. O ambiente proporciona condições adequadas para o preparo dos alunos e profissionais envolvidos nas atividades de campo, além de permitir a realização de análises laboratoriais, aulas técnicas e discussões orientadas, fortalecendo o vínculo entre teoria e prática.;;-0.3441;0.8086;;;
Postura convencional (Gaiolas);Em fase de reforma, o sistema é caracterizado pelo uso de gaiolas convecionais mimetizando sistemas produtivos comerciais. Oferece um ambiente controlado que facilita o manejo e a coleta de ovos, além de proteger as aves de predadores e de algumas doenças.;;-0.2362;5.8133;;;
Sistema Cage Free;Em fase de projeto. Neste sistema as galinhas são criadas soltas dentro de um galpão, sem estarem confinadas em gaiolas. Elas têm mais liberdade de movimento, podem expressar comportamentos naturais como ciscar e empoleirar, o que melhora seu bem-estar. Este sistema também pode ser favorável do ponto de vista do consumidor preocupado com o bem-estar animal.;;-0.1027;2.1345;;;
Sistema Free Range;Em fase de projeto. Este sistema vai além do cage free, permitindo que as galinhas tenham acesso ao ar livre durante o dia. Elas podem explorar o ambiente externo, buscar alimentos naturais e exercitar-se ao ar livre. Isso não apenas melhora o bem-estar das aves, mas também pode influenciar positivamente a qualidade dos ovos, devido à dieta mais variada.;;-0.0591;1.8519;;;
Entreposto de ovos;Em fase de projeto.O entreposto de ovos é uma agroindustria onde realiza-se o beneficiamento, classificação e embalagem dos ovos produzidos nas diferentes unidades de produção. Esse espaço é fundamental para assegurar a qualidade e a rastreabilidade dos produtos, além de permitir estudos e práticas relacionadas ao controle de qualidade, rotulagem, normas sanitárias e comercialização.;;-0.1625;2.8347;;;
