﻿Titulo;Descricao;Imagem;Pitch;Yaw;Pano_Destino_ID;poligono_json;Tipo_Poligono_CSS
Corredor;;;-0.2315;0.9422;corredor3_pano;;
Corredor;;;-0.2559;3.2278;corredor_pano;;
Laboratório de Fisiologia Vegetal;O Laboratório de Fisiologia Vegetal é um espaço multidisciplinar voltado ao estudo dos processos vitais que ocorrem nas plantas, com ênfase nas interações entre fatores ambientais, nutricionais, estresse hídrico e hormonais que influenciam o crescimento, o desenvolvimento e a produtividade vegetal. Suas atividades abrangem ensino, pesquisa e extensão, contribuindo para a formação de estudantes, bem como, para o avanço científico na área das ciências agrárias e biológicas.;;-0.1423;0.5506;lab_fisioveg_pano;;
Câmara de Pulverização;A câmara de pulverização é um equipamento laboratorial utilizado para simular e controlar condições de aplicação de caldas químicas em estudos relacionados à pulverização agrícola. Ela permite a realização de testes com precisão e reprodutibilidade, sendo ideal para avaliar a eficiência de diferentes bicos pulverizadores, volumes de aplicação, formulações de caldas, padrões de deposição e deriva. Ao controlar fatores como pressão, tempo de exposição, temperatura e tipo de pulverização, a câmara oferece um ambiente padronizado para análises comparativas e desenvolvimento de tecnologias de aplicação mais eficientes e sustentáveis. Dessa forma, é uma ferramenta importante para pesquisas voltadas à otimização da aplicação de defensivos agrícolas, contribuindo para a redução de perdas, aumento da eficácia e menor impacto ambiental.;camara_pulverizacao_tecnal.jpg;-0.2986;5.7631;;;
Sala de vigilância;;;-0.1655;4.5723;;;
