﻿Titulo;Descricao;Imagem;Pitch;Yaw;Pano_Destino_ID;poligono_json;Tipo_Poligono_CSS
Sala fria;A Sala Fria/Cromatografia da EPAMIG ITAP conta atualmente com ultrafreezer (–80 °C) e refrigeradores (2–8 °C) para preservar com segurança amostras biológicas, reagentes sensíveis, DNA, RNA, proteínas e culturas celulares, evitando degradação térmica. Futuramente, será equipada com cromatógrafos líquidos (HPLC) e gasosos (GC), consolidando uma infraestrutura de alta precisão para pesquisas agropecuárias. Com o GC, será possível quantificar gases do biogás — metano, CO₂, N₂O, O₂, H₂ e traços como H₂S e siloxanos — essenciais para avaliar geração energética, qualidade do biogás e emissões de gases de efeito estufa, utilizando detectores com sensibilidade de até 1 ppm . O HPLC, por sua vez, permitirá quantificar ácidos graxos voláteis no digestato (acético, propiônico, butírico), compostos fenólicos e polifenois do biofertilizante, além de açúcares, álcoois e ácidos orgânicos em processos de fermentação — como na produção de cachaça — para monitorar eficiência, qualidade sensorial e segurança do produto. Com isso, a sala será um local estratégico, apoiando estudos em bioenergia, controle de emissões, análise de fermentação e inovação sustentável no setor agropecuário.;;-0.14977155;0.604342662;sl_fria_pano;;
Sala de Esterilização;Destinada a esterilização de utensílios e soluções para atender a disciplinas e projetos envolvendo micro-organismos ou outros materiais biológicos. Nela são inativadas também células e demais resíduos biológicos derivados das atividades didáticas para o descarte seguro. O espaço possui equipamentos para esterilização com calor seco (estufas) e calor úmido (autoclaves).;;-0.33606555;3.779218226;sl_esterilizacao_pano;;
Almoxerifado e Sala de Balanças;O Almoxarifado dos Laboratórios é um local central de apoio às atividades de pesquisa, ensino e extensão, com armazenamento organizado de reagentes, vidrarias e outros materiais de consumo. Em breve será implantado sistema informatizado (planilhas ou software) para registrar entradas e saídas, monitorar prazos de validade, controlar níveis mínimo e máximo de estoque. A Sala de Balanças da EPAMIG ITAP é um ambiente controlado para pesagens de alta precisão, suportando atividades de ensino, pesquisa e extensão. Localizada em espaço estável, longe de vibrações, correntes de ar, calor direto ou umidade excessiva, ela possui bancada firme (evitando interferência externa), temperatura e umidade constantes, e limpeza rigorosa . Equipado com balanças analíticas e semianalíticas calibradas regularmente, o espaço conta com acesso restrito e boas práticas operacionais, garantindo confiabilidade e rastreabilidade nas operações. Dessa forma, a sala assegura resultados precisos, suporte contínuo às pesagens laboratoriais e integridade técnica dos dados coletados.;;-0.275211665;2.784785707;;;
Corredor;;;-0.182220719;3.204113049;corredor3_pano;;
