﻿Titulo;Descricao;Imagem;Pitch;Yaw;Pano_Destino_ID
Galpão de maquinas;Utilidado para armazenar, proteger e conservar equipamentos como tratores, colheitadeiras e implementos. Ao abrigar essas máquinas, evita-se a exposição ao sol, chuva e poeira, aumentando sua vida útil e reduzindo gastos com manutenção. Além da proteção, o galpão facilita a organização da propriedade e pode ser utilizado para pequenos reparos, inspeções e armazenamento de peças. Um bom projeto considera acesso fácil, ventilação e estrutura adequada ao porte da atividade rural.;;-0.713976787;2.36991757;
Bovinocultura;A construção destinada à bovinocultura tem múltiplas funções e integra atividades práticas, técnicas e administrativas. Ela inclui tronco de contenção para manejo seguro dos animais, sala de ordenha para coleta higiênica do leite e laboratório para análises básicas de qualidade e sanidade. Também possui salas de aula, escritório e banheiros, apoiando ações de capacitação, gestão e bem-estar dos envolvidos. É uma estrutura fundamental para sistemas produtivos organizados, ensino, pesquisa e boas práticas na criação de bovinos.;bovino.jpg;-0.464282101;1.235737858;
Grandes culturas;Area utilizada para plantio de grandes culturas. Utilizada para produção de milho para silagem, milho grão, soja, algodão e demais culturas.;;-0.317014393;4.613013037;
Estufas e casas de vegetação;Casas de vegetação e estufas são estruturas utilizadas para o cultivo de plantas em ambiente controlado. Elas protegem contra variações climáticas, pragas e doenças, permitindo maior produtividade e qualidade. Esses espaços possibilitam o controle de temperatura, umidade e luminosidade, sendo ideais para pesquisas, produção de mudas, hortaliças e flores. São fundamentais em atividades de ensino, experimentação e produção agrícola intensiva.;;-0.173369617;5.443721728;
Escritório;Unidade administrativa da fazenda.;;-0.413826513;6.196885441;
Silo;O silo de milho é uma estrutura usada para armazenar grãos ou silagem, garantindo alimento ao gado durante todo o ano, especialmente na seca. Ele preserva o valor nutricional do milho e evita perdas por umidade, pragas ou deterioração. Além de assegurar o fornecimento contínuo de ração, o silo facilita o manejo alimentar, reduz custos com compra externa e contribui para a eficiência da produção pecuária.;;-0.586780637;0.260547651;
Prédio Principal;Imagem do exterior do prédio principal;;0.0516498611722358;0.3906794407183192;predio_principal_pano
