﻿Titulo;Descricao;Imagem;Pitch;Yaw;Pano_Destino_ID;poligono_json;Tipo_Poligono_CSS
Corredor;;;-0.109601856;3.273592734;corredor3_pano;;
Aparelhos de PCR (Reação em Cadeia da Polimerase) e PCR em tempo real;Esses aparelhos executam ciclos com tempo e temperatura controlada, garantido condições ideais para enzimas agirem, replicando moléculas de ácidos nucléicos em uma amostra. São capazes de processar até 96 amostras de uma só vez, em e aproximadamente 2 horas. O aparelho de PCR em tempo real é capaz de detectar, a cada ciclo, a fluorescência emitida pela polimerização de nucleotídeos marcados, permitindo a quantificação absoluta ou relativa de sequencias específicas (Ex. gene de interesse) do DNA em estudo. Aplicações: Diagnóstico de doenças, avaliação de variantes genéticas, identificar contaminações biológicas, identificação de espécies e raças rastreabilidade de produtos monitoramento de saúde e bem-estar animal e análise genética para melhoramento;pcr.jpg;-0.3636;5.7995;;;
Espectrofotômetro de placas;Este aparelho é utilizado para quantificar a absorção de luz, em comprimentos específicos, e assim quantificar as concentrações de DNA, RNA, Proteínas e sais em uma solução. Além disso, permite identificar tempo para a ocorrência de uma reação especifica, podendo ser utilizado para testes tipo ELISA (Enzyme-Linked Immunosorbent Assay - Ensaio Imunoenzimático de Adsorção). Aplicações: diagnóstico de doenças, detecção de resíduos, detecção de hormônios, controle de qualidade de alimentos e monitoramento de zoonoses.;;-0.6677;1.0884;;;
Conjunto para eletroforese e Western blot;Este conjunto de aparelhos permite a separação de moléculas biológicas de diferentes tamanhos e cargas elétricas usando uma corrente constante e solução salina. Podem ser utilizados para ensaios tipo Western blot (imunoblotting) permitindo identificar e analisar proteínas específicas em uma amostra complexa e também avaliação da integridade de amostras de DNA, RNA e Proteínas.;eletroforese.jpg;-0.4469;0.7487;;;
Purificador de água;Este aparelho utiliza tecnologias de purificação avançadas para produzir água de alta qualidade, ideal para diversas aplicações laboratoriais. Esses sistemas combinam métodos como desionização, osmose reversa, filtração e, em alguns casos, esterilização UV, para garantir a remoção de impurezas e contaminantes.;purificador.png;-0.5937;2.2409;;;
Espectrofotômetro de microvolume/microgota (Nanodrop);Este espectrofotômetro utiliza tecnologia de microvolume para medir a concentração e a pureza de amostras biológicas, como DNA, RNA e proteínas. Ao contrário dos espectrofotômetros tradicionais que exigem grandes volumes de amostra e diluições, o NanoDrop permite a medição de pequenas quantidades (1-2 µL) de amostras, mesmo que altamente concentradas, sem a necessidade de diluições. ;espectrofotometro.png;-0.632;4.9681;;;
