﻿Titulo;Descricao;Imagem;Pitch;Yaw;Pano_Destino_ID;poligono_json;Tipo_Poligono_CSS
Corredor;;;-0.179075909;2.104021678;corredor3_pano;;
Laboratório Fisiologia Vegetal;;;-0.1824;2.8077;lab_fisioveg_pano;;
Sala de Esterilização;;;-0.1273;0.5615;sl_esterilizacao_pano;;
Capelas de fluxo laminar com lâmpada UV;Fornece um ambiente estéril, essencial para evitar contaminações durante manipulação de culturas, preparação de meios de cultura e análises de água. O sistema mantém um fluxo de ar unidirecional filtrado por HEPA (classe 100/ISO 5), protegendo o pesquisador de gases e contaminantes produzidos que possam oferecer risco à saúde. Equipado com lâmpada germicida UV C que esteriliza o interior entre os usos, eliminando bactérias e fungos em superfícies. Esse equipamento é vital para garantir assepsia, confiabilidade dos resultados e segurança na rotina do laboratório de microbiologia.;;0.0015;0.3747;;;
Incubadoras BOD;No laboratório de microbiologia da EPAMIG ITAP proporciona controle preciso de temperatura (geralmente entre 20–37 °C, com precisão de ±0,1–0,5 °C) e circulação de ar forçada, criando condições ideais para o crescimento de microrganismos aeróbios que degradam matéria orgânica em amostras de água ou efluentes para a análise da Demanda bioquímica de oxigênio (DBO), um indicador-chave da qualidade da água, pois permite medir o consumo de oxigênio pelos microrganismos ao longo do tempo e avaliar a eficácia de sistemas de tratamento de água e esgoto. Além disso, a incubadora BOD também suporta o cultivo de bactérias, fungos e leveduras em pesquisas microbiológicas, estudos de biodegradação e controle de contaminação em alimentos e bebidas e outras pesquisas do setor agropecuário garantindo resultados reprodutíveis e confiáveis em projetos de ensino, pesquisa e extensão ambiental.;;-0.0709;0.8239;;;
Incubadoras shaker;Equipamento essencial em laboratórios de microbiologia pois combina agitação orbital com controle preciso de temperatura. Esse recurso é fundamental para promover o crescimento uniforme de microrganismos em meios de cultura, garantindo condições ideais para experimentos microbiológicos. Além disso, a agitação constante facilita a homogeneização das amostras, evitando a sedimentação celular e promovendo uma interação eficaz entre os nutrientes e os microrganismos. A precisão no controle térmico assegura que as amostras sejam mantidas na temperatura ideal para o desenvolvimento microbiano, o que é crucial para a reprodutibilidade e confiabilidade dos resultados experimentais. Portanto, a incubadora shaker é uma ferramenta indispensável para pesquisas que envolvem o cultivo e estudo de microrganismos em ambientes controlados.;;-0.3233;1.3621;;;
