﻿Titulo;Descricao;Imagem;Pitch;Yaw;Pano_Destino_ID;poligono_json;Tipo_Poligono_CSS
Corredor;;;-0.22828178;0.515591269;corredor2_pano;;
Laboratório de Microbiologia;O Laboratório de Microbiologia da EPAMIG - ITAP é um espaço técnico-científico moderno, voltado ao ensino, pesquisa e extensão na identificação, caracterização e controle de microrganismos de origem animal, vegetal, ambiental e alimentar. Com infraestrutura equipada para cultivo de micro-organismos (incubadoras microbiológicas, incubadoras orbitais e cabines de fluxo laminar), além de microscópios, centrífugas, bomba a vácuo, homogeneizador de amostras e banho maria) e estrutura para preparação e armazenamento de meios e vidrarias (placas de Petri, tubos, Erlenmeyers etc.), o laboratório permite realizar desde técnicas básicas até testes bioquímicos e bacteriológicos avançados. Ele oferece suporte a aulas práticas, iniciação científica e projetos de pesquisa aplicada, com metodologias padronizadas e cuidados de biossegurança, atendendo também demandas da comunidade externa por meio de análises microbiológicas qualitativas e quantitativas.;;-0.2361;1.1844;lab_microbio_pano;;
Forno Mufla digital de 16 L;Com rampas e patamares térmicos (100 °C a 1200 °C) para análises físico‑químicas sendo essencial para calcinação de substâncias complexas, oxidação de amostras, quantificação gravimétrica de metais, determinação de teor de cinzas e quantificação de sólidos fixos e voláteis em amostras líquidas e sólidas.;;-0.749;5.8315;;;
Autoclave Vertical Digital de 30L ;É um equipamento que opera por esterilização com vapor sob pressão, ideal para aplicações laboratoriais diárias sendo suporte para laboratório de microbiologia, biologia molecular e físico-química. Utiliza vapor saturado a 121–134 °C (1,1–2,0 bar) para eliminar bactérias, fungos, vírus e esporos desde meios de cultura, vidrarias e instrumentos até pontas de pipeta, plásticos autoclaváveis, resíduos biológicos e materiais contaminados. atende a todo o espectro de necessidades de esterilização, conferindo biossegurança e qualidade nas atividades de ensino, pesquisa e extensão da EPAMIG ITAP e apoiando a manutenção de ambientes e procedimentos livres de contaminações.;;-0.8858;5.1569;;;
Autoclave Vertical Digital de 75 L ;É um equipamento que opera por esterilização com vapor sob pressão, ideal para aplicações laboratoriais diárias sendo suporte para laboratório de microbiologia, biologia molecular e físico-química. Utiliza vapor saturado a 121–134 °C (1,1–2,0 bar) para eliminar bactérias, fungos, vírus e esporos desde meios de cultura, vidrarias e instrumentos até pontas de pipeta, plásticos autoclaváveis, resíduos biológicos e materiais contaminados. atende a todo o espectro de necessidades de esterilização, conferindo biossegurança e qualidade nas atividades de ensino, pesquisa e extensão da EPAMIG ITAP e apoiando a manutenção de ambientes e procedimentos livres de contaminações.;;-0.6443;4.5288;;;
Estufa Digital de Esterilização e Secagem com Circulação e Renovação de Ar Forçada ;Na EPAMIG ITAP, a estufa é usada para secar amostras agrícolas pós-coleta (para determinação de umidade e matéria seca), desidratar culturas microbianas, esterilizar e/ou pré-aquecer vidrarias, secar reagentes e eliminar solventes, contribuindo para precisão analítica, controle de qualidade e eficiência nas rotinas de ensino, pesquisa e extensão.;;-0.3562;6.2549;;;
